{"cameraMode":{"drawMode":0,"name":"Shaded","section":"Shading Mode"},"sceneLighting":true,"audioPlay":false,"sceneViewState":{"showFog":true,"showMaterialUpdate":false,"showSkybox":true,"showFlares":true,"showImageEffects":true,"showParticleSystems":true},"in2DMode":false,"pivot":{"x":-2.6556339263916017,"y":2.02885103225708,"z":-2.796875},"rotation":{"x":0.00038514958578161895,"y":0.9967584013938904,"z":-0.08031094074249268,"w":0.004780006594955921},"size":15.3805570602417,"orthographic":true}